material_id,composition,bg,elements
mp-557728,KCu4AsS4,1.9,"['As', 'Cu', 'K', 'S']"
mp-1194610,K4Mg(WO4)3,4.405,"['K', 'Mg', 'O', 'W']"
mp-1195350,CsCdInTe3,1.81,"['Cd', 'Cs', 'In', 'Te']"
mp-15148,K4Nb2S11,1.96,"['K', 'Nb', 'S']"
mp-761057,Sr5Nb4O15,4.0,"['Nb', 'O', 'Sr']"
mp-19421,FeWO4,2.495,"['Fe', 'O', 'W']"
mp-559864,InSb2S4Br,1.8,"['Br', 'In', 'S', 'Sb']"
mp-28800,K2Bi8Se13,0.53,"['Bi', 'K', 'Se']"
mp-685194,Li4Ti5O12,2.0,"['Li', 'O', 'Ti']"
mp-27484,Tl2O,1.0,"['O', 'Tl']"
mp-1214937,Ba2LaV3O11,3.35,"['Ba', 'La', 'O', 'V']"
mp-1747,K2Te,1.9,"['K', 'Te']"
mp-5967,TiCoSb,1.0,"['Co', 'Sb', 'Ti']"
mp-1192376,Ba3AlAs3,0.57,"['Al', 'As', 'Ba']"
mp-1190528,Ba2ZnSe3,2.6,"['Ba', 'Se', 'Zn']"
mp-3342,ZnPS3,2.6,"['P', 'S', 'Zn']"
mp-6325,Ba3MgTa2O9,4.28,"['Ba', 'Mg', 'O', 'Ta']"
mp-29234,InTeI,2.735,"['I', 'In', 'Te']"
mp-772617,Zn(NO3)2,3.75,"['N', 'O', 'Zn']"
mp-27850,TiNCl,2.5,"['Cl', 'N', 'Ti']"
mp-1120792,K3Bi2I9,2.1,"['Bi', 'I', 'K']"
mp-546011,YZnAsO,1.1731,"['As', 'O', 'Y', 'Zn']"
mp-20790,InPS4,3.12,"['In', 'P', 'S']"
mp-4875,GdTaO4,0.8,"['Gd', 'O', 'Ta']"
mp-375,UO3,4.0,"['O', 'U']"
mp-1192526,CsBaPS4,3.4,"['Ba', 'Cs', 'P', 'S']"
mp-2931287,FePS3,3.14,"['Fe', 'P', 'S']"
mp-1066781,BrCl,2.94,"['Br', 'Cl']"
mp-28911,BaReH9,3.44,"['Ba', 'H', 'Re']"
mp-3193,Na2Si2O5,4.22,"['Na', 'O', 'Si']"
mp-31077,Tl2TeI6,1.5,"['I', 'Te', 'Tl']"
mp-555597,V4O7,0.8,"['O', 'V']"
mp-13944,Li3AlN2,4.4,"['Al', 'Li', 'N']"
mp-22841,Ba2In2S5,2.47,"['Ba', 'In', 'S']"
mp-541462,SrTa4O11,4.0,"['O', 'Sr', 'Ta']"
mp-4651,SrTiO3,3.2,"['O', 'Sr', 'Ti']"
mp-1211317,LaBWO6,4.1,"['B', 'La', 'O', 'W']"
mp-5625,Ag2SO4,3.8,"['Ag', 'O', 'S']"
mp-1094040,Zn2In2O5,2.9,"['In', 'O', 'Zn']"
mp-29179,SnCl2,2.9,"['Cl', 'Sn']"
mp-1199743,CsInTe2,2.16,"['Cs', 'In', 'Te']"
mp-28306,MnBr2,3.76,"['Br', 'Mn']"
mp-1218758,Sr2LaGaO5,4.6,"['Ga', 'La', 'O', 'Sr']"
mp-559251,K3Cr2(PS4)3,1.35,"['Cr', 'K', 'P', 'S']"
mp-17254,TlGaSe2,1.88,"['Ga', 'Se', 'Tl']"
mp-23263,LaBr3,3.75,"['Br', 'La']"
mp-570321,InSb2Se4Br,1.35,"['Br', 'In', 'Sb', 'Se']"
mp-8491,LiInP2O7,4.6,"['In', 'Li', 'O', 'P']"
mp-18844,CaMn2O4,1.67,"['Ca', 'Mn', 'O']"
mp-19202,MgCr2O4,0.693,"['Cr', 'Mg', 'O']"
mp-4820,ZrSiO4,4.0,"['O', 'Si', 'Zr']"
mp-1220818,NaBi(WO4)2,3.02,"['Bi', 'Na', 'O', 'W']"
mp-559489,K2ZrSi2O7,4.95,"['K', 'O', 'Si', 'Zr']"
mp-1220785,NaLaTi2O6,3.28,"['La', 'Na', 'O', 'Ti']"
mp-1342,BaO,3.56,"['Ba', 'O']"
mp-2646981,CsPbI2Br,1.91,"['Br', 'Cs', 'I', 'Pb']"
mp-669458,Cs3Bi2I9,2.0,"['Bi', 'Cs', 'I']"
mp-1025340,Cu2WSe4,1.64,"['Cu', 'Se', 'W']"
mp-757343,Ca4Bi6O13,2.76,"['Bi', 'Ca', 'O']"
mp-886,Ga2O3,4.8,"['Ga', 'O']"
mp-556850,BaMnF4,1.0,"['Ba', 'F', 'Mn']"
mp-554293,BaFe12O19,2.0,"['Ba', 'Fe', 'O']"
mp-1195664,Sr2P7Br,2.1,"['Br', 'P', 'Sr']"
mp-1195594,Ba8Sn4S15,2.31,"['Ba', 'S', 'Sn']"
mp-3368,LiNb3O8,3.9,"['Li', 'Nb', 'O']"
mp-3647,LiGaS2,3.635,"['Ga', 'Li', 'S']"
mp-1195102,RbAg5(PS4)2,2.4,"['Ag', 'P', 'Rb', 'S']"
mp-9770,Ag8GeS6,1.45,"['Ag', 'Ge', 'S']"
mp-1228557,Ba8Ti3Nb4O24,3.4,"['Ba', 'Nb', 'O', 'Ti']"
mp-23281,SbI3,2.3550000000000004,"['I', 'Sb']"
mp-1056,Tb2O3,0.95,"['O', 'Tb']"
mp-1020712,ZnSiN2,3.875,"['N', 'Si', 'Zn']"
mp-252,BeTe,2.895,"['Be', 'Te']"
mp-1200720,CsInSe2,2.81,"['Cs', 'In', 'Se']"
mp-3563,Ba5Nb4O15,3.81,"['Ba', 'Nb', 'O']"
mp-1208111,TlPb2Br5,2.92,"['Br', 'Pb', 'Tl']"
mp-4988,TlAsS2,1.3,"['As', 'S', 'Tl']"
mp-1191826,KBaAsSe3,2.26,"['As', 'Ba', 'K', 'Se']"
mp-5962,NaMgAs,0.97,"['As', 'Mg', 'Na']"
mp-9922,HfS3,2.2,"['Hf', 'S']"
mp-12385,Ba2YTaO6,3.5,"['Ba', 'O', 'Ta', 'Y']"
mp-1105212,Rb2AgPS4,2.6,"['Ag', 'P', 'Rb', 'S']"
mp-14088,Rb2PdF6,2.67,"['F', 'Pd', 'Rb']"
mp-1195471,K2Ta4O11,4.15,"['K', 'O', 'Ta']"
mp-559459,CsInS2,3.4,"['Cs', 'In', 'S']"
mp-2724101,Li2HfO3,0.5,"['Hf', 'Li', 'O']"
mp-680422,CBr4,3.7,"['Br', 'C']"
mp-683965,C2F,3.94,"['C', 'F']"
mp-17964,Na2Ge2Se5,2.31,"['Ge', 'Na', 'Se']"
mp-11604,KSm2CuS4,2.17,"['Cu', 'K', 'S', 'Sm']"
mp-1209693,Rb3Sb2I9,2.1,"['I', 'Rb', 'Sb']"
mp-540962,KLa(PO3)4,4.905,"['K', 'La', 'O', 'P']"
mp-4156,Li2ZrO3,4.74,"['Li', 'O', 'Zr']"
mp-1201497,Bi2Pd(SeO3)4,1.73,"['Bi', 'O', 'Pd', 'Se']"
mp-1190,ZnSe,2.7,"['Se', 'Zn']"
mp-4309,BaGa4S7,3.54,"['Ba', 'Ga', 'S']"
mp-558753,BiB2O4F,4.32,"['B', 'Bi', 'F', 'O']"
mp-3349,Sr3Ti2O7,3.2,"['O', 'Sr', 'Ti']"
mp-1250007,SiSe2,1.74,"['Se', 'Si']"
mp-19083,NaVO3,2.495,"['Na', 'O', 'V']"
mp-3922,AgSbS2,1.45,"['Ag', 'S', 'Sb']"
mp-19455,MnMoO4,1.96,"['Mn', 'Mo', 'O']"
mp-32533,Na2W4O13,2.95,"['Na', 'O', 'W']"
mp-30092,TiCl4,2.975,"['Cl', 'Ti']"
mp-12954,CuBS2,3.61,"['B', 'Cu', 'S']"
mp-18556,Rb2Cd3S4,2.92,"['Cd', 'Rb', 'S']"
mp-28517,Tl6SeI4,1.86,"['I', 'Se', 'Tl']"
mp-1189242,Dy3GaS6,2.81,"['Dy', 'Ga', 'S']"
mp-17945,RbPSe6,2.18,"['P', 'Rb', 'Se']"
mp-1204356,SiC,2.5,"['C', 'Si']"
mp-1190388,Na2Ga2GeS6,3.29,"['Ga', 'Ge', 'Na', 'S']"
mp-1095618,PtN2,1.06,"['N', 'Pt']"
mp-5777,BaTiO3,3.2,"['Ba', 'O', 'Ti']"
mp-27871,RhBr3,1.76,"['Br', 'Rh']"
mp-7765,Ba3SiO5,3.04,"['Ba', 'O', 'Si']"
mp-1195667,Cs2MgGe3Se8,2.04,"['Cs', 'Ge', 'Mg', 'Se']"
mp-11175,LiZnPS4,3.44,"['Li', 'P', 'S', 'Zn']"
mp-1194749,Cs2ZnGe3Se8,2.31,"['Cs', 'Ge', 'Se', 'Zn']"
mp-556225,Ag2S,1.09,"['Ag', 'S']"
mp-28421,Cs2HgI4,2.34,"['Cs', 'Hg', 'I']"
mp-28051,SbTeI,1.53,"['I', 'Sb', 'Te']"
mp-1208761,,3.38,
mp-27998,KNb3O8,4.1,"['K', 'Nb', 'O']"
mp-1170,SnS2,2.2,"['S', 'Sn']"
mp-23041,SbSI,1.86,"['I', 'S', 'Sb']"
mp-19474,Ba2V2O7,3.22,"['Ba', 'O', 'V']"
mp-531826,Li2PtO3,2.3,"['Li', 'O', 'Pt']"
mp-27678,Y2Cl3,1.14,"['Cl', 'Y']"
mp-1195201,K2Au(IO3)5,2.285,"['Au', 'I', 'K', 'O']"
mp-752425,Dy2Ti2O7,3.1,"['Dy', 'O', 'Ti']"
mp-19001,SrMnO3,1.2,"['Mn', 'O', 'Sr']"
mp-1863,SiAs,1.525,"['As', 'Si']"
mp-1223734,K2La2Sb2S9,2.2,"['K', 'La', 'S', 'Sb']"
mp-4199,Na2S2O3,0.98,"['Na', 'O', 'S']"
mp-9490,KAg2SbS4,1.63,"['Ag', 'K', 'S', 'Sb']"
mp-866503,Ca2SnS4,2.52,"['Ca', 'S', 'Sn']"
mp-4016,TlGaS2,2.925,"['Ga', 'S', 'Tl']"
mp-1228150,Ba3LaNb3O12,4.1,"['Ba', 'La', 'Nb', 'O']"
mp-22856,Bi2S3,1.3,"['Bi', 'S']"
mp-1223253,La2MnNiO6,1.133,"['La', 'Mn', 'Ni', 'O']"
mp-1106218,Sr2ScSbO6,3.47,"['O', 'Sb', 'Sc', 'Sr']"
mp-19034,Mg3V2O8,3.02,"['Mg', 'O', 'V']"
mp-361,Cu2O,2.1,"['Cu', 'O']"
mp-1212067,InSbO4,4.05,"['In', 'O', 'Sb']"
mp-2831941,Na2CdSnS4,2.52,"['Cd', 'Na', 'S', 'Sn']"
mp-17761,CaGeO3,2.03,"['Ca', 'Ge', 'O']"
mp-568965,CaSiN2,3.44,"['Ca', 'N', 'Si']"
mp-1191266,BiIO4,3.0700000000000003,"['Bi', 'I', 'O']"
mp-17947,BaCu2GeS4,2.465,"['Ba', 'Cu', 'Ge', 'S']"
mp-1197353,Ba4LiGa5Se12,2.65,"['Ba', 'Ga', 'Li', 'Se']"
mp-2160,Sb2Se3,1.2,"['Sb', 'Se']"
mp-4019,CaTiO3,3.5,"['Ca', 'O', 'Ti']"
mp-27966,Ag2Mo2O7,2.685,"['Ag', 'Mo', 'O']"
mp-4531,NaNO3,2.92,"['N', 'Na', 'O']"
mp-505709,CsSmZnSe3,2.53,"['Cs', 'Se', 'Sm', 'Zn']"
mp-28782,Na3PS4,2.3,"['Na', 'P', 'S']"
mp-1106270,BaPd(IO3)4,1.97,"['Ba', 'I', 'O', 'Pd']"
mp-18601,DyMn2O5,1.61,"['Dy', 'Mn', 'O']"
mp-2667,CsAu,2.6,"['Au', 'Cs']"
mp-3963,K2CO3,4.9,"['C', 'K', 'O']"
mp-12903,YAgTe2,1.36,"['Ag', 'Te', 'Y']"
mp-570437,CdI2,3.2,"['Cd', 'I']"
mp-560216,Cs2GeP4O13,3.888,"['Cs', 'Ge', 'O', 'P']"
mp-11116,CsYCdSe3,2.56,"['Cd', 'Cs', 'Se', 'Y']"
mp-1559,Mg3N2,2.03,"['Mg', 'N']"
mp-1203743,CsLu7Se11,1.78,"['Cs', 'Lu', 'Se']"
mp-23231,AgBr,2.6,"['Ag', 'Br']"
mp-1271821,Fe3O4,1.82,"['Fe', 'O']"
mp-1195068,Ba3Ta2Se9,1.6,"['Ba', 'Se', 'Ta']"
mp-667338,PbN6,3.0,"['N', 'Pb']"
mp-5387,YNbO4,4.3,"['Nb', 'O', 'Y']"
mp-541582,ReSe2,1.18,"['Re', 'Se']"
mp-1189528,Ca2ScSbO6,3.645,"['Ca', 'O', 'Sb', 'Sc']"
mp-9812,ZnCO3,3.34,"['C', 'O', 'Zn']"
mp-1105419,Cs2Hg3S4,2.8,"['Cs', 'Hg', 'S']"
mp-1104293,K2AgF4,1.8,"['Ag', 'F', 'K']"
mp-8377,TeO2,3.7,"['O', 'Te']"
mp-540703,Cs2S,4.035,"['Cs', 'S']"
mp-19133,YVO4,3.6,"['O', 'V', 'Y']"
mp-983565,CuBSe2,2.315,"['B', 'Cu', 'Se']"
mp-3677,MgSiN2,4.3,"['Mg', 'N', 'Si']"
mp-753891,ZrTiO4,3.5,"['O', 'Ti', 'Zr']"
mp-540957,Cs2TeI6,1.47,"['Cs', 'I', 'Te']"
mp-27161,ZnI2,3.28,"['I', 'Zn']"
mp-1194576,Rb3Sb2Br9,2.48,"['Br', 'Rb', 'Sb']"
mp-1112940,Cs2AgSbCl6,2.54,"['Ag', 'Cl', 'Cs', 'Sb']"
mp-571164,Rb3AgSn3Se8,1.8,"['Ag', 'Rb', 'Se', 'Sn']"
mp-1222368,LiVMoO6,2.505,"['Li', 'Mo', 'O', 'V']"
mp-31307,Ba2SnSe5,1.8,"['Ba', 'Se', 'Sn']"
mp-988,Si3N4,5.0,"['N', 'Si']"
mp-1205803,Ba2ErTaO6,2.5,"['Ba', 'Er', 'O', 'Ta']"
mp-998552,BaHfO3,3.0,"['Ba', 'Hf', 'O']"
mp-17953,MgNb2O6,2.19,"['Mg', 'Nb', 'O']"
mp-2456335,PbBr2,3.27,"['Br', 'Pb']"
mp-29678,AgBiS2,0.98,"['Ag', 'Bi', 'S']"
mp-648,Na2S,1.62,"['Na', 'S']"
mp-769582,Sr5Ta4O15,4.75,"['O', 'Sr', 'Ta']"
mp-669509,Gd2S3,2.63,"['Gd', 'S']"
mp-570363,LiSi,0.755,"['Li', 'Si']"
mp-697331,Mg2NiH4,1.6,"['H', 'Mg', 'Ni']"
mp-1194701,Cs2ZnSn3Se8,2.12,"['Cs', 'Se', 'Sn', 'Zn']"
mp-1195291,Rb2Cu2Sb2S5,1.6,"['Cu', 'Rb', 'S', 'Sb']"
mp-752467,NbO2F,3.1,"['F', 'Nb', 'O']"
mp-16818,Rb2Cd3Se4,2.37,"['Cd', 'Rb', 'Se']"
mp-22232,TlInSe2,1.295,"['In', 'Se', 'Tl']"
mp-23032,CsCuCl3,2.6,"['Cl', 'Cs', 'Cu']"
mp-1047075,MoO2,1.89,"['Mo', 'O']"
mp-573763,Cs2Te,3.5,"['Cs', 'Te']"
mp-4704,Y3Fe5O12,2.6,"['Fe', 'O', 'Y']"
mp-612740,In2Se3,1.3250000000000002,"['In', 'Se']"
mp-2980,Pr2Te4O11,3.65,"['O', 'Pr', 'Te']"
mp-473,Na3P11,0.77,"['Na', 'P']"
mp-1199125,In2Se2O7,2.97,"['In', 'O', 'Se']"
mp-2758,SrSe,4.42,"['Se', 'Sr']"
mp-31760,Sr2TaFeO6,2.18,"['Fe', 'O', 'Sr', 'Ta']"
mp-17756,RbAg2SbS4,2.3,"['Ag', 'Rb', 'S', 'Sb']"
mp-4770,Na2SO4,1.6,"['Na', 'O', 'S']"
mp-27614,Ca2V2O7,2.67,"['Ca', 'O', 'V']"
mp-19017,LiFePO4,3.75,"['Fe', 'Li', 'O', 'P']"
mp-943492,LiFeSO4F,2.83,"['F', 'Fe', 'Li', 'O', 'S']"
mp-1602,SiS2,2.95,"['S', 'Si']"
mp-7798,MgGeN2,3.2,"['Ge', 'Mg', 'N']"
mp-35493,Zn2SnO4,3.6,"['O', 'Sn', 'Zn']"
mp-1202829,Ba2GaBiTe5,1.43,"['Ba', 'Bi', 'Ga', 'Te']"
mp-13664,Sr2Ta2O7,4.465,"['O', 'Sr', 'Ta']"
mp-31285,Cs2PdSe8,1.5,"['Cs', 'Pd', 'Se']"
mp-3094,SrAl2O4,4.8,"['Al', 'O', 'Sr']"
mp-1403,Sm2S3,3.0,"['S', 'Sm']"
mp-1195298,CaSiP2,0.97,"['Ca', 'P', 'Si']"
mp-1102443,CoSbS,0.5,"['Co', 'S', 'Sb']"
mp-777049,LiFeBO3,3.4,"['B', 'Fe', 'Li', 'O']"
mp-1983109,ErBiW2O9,3.26,"['Bi', 'Er', 'O', 'W']"
mp-1200935,Ba2GaSbTe5,1.66,"['Ba', 'Ga', 'Sb', 'Te']"
mp-1229044,Ba12In4S19,2.56,"['Ba', 'In', 'S']"
mp-1223584,KBi3S5,1.21,"['Bi', 'K', 'S']"
mp-35909,AgBiI4,1.77,"['Ag', 'Bi', 'I']"
mp-1238811,CsPb2Br5,3.1,"['Br', 'Cs', 'Pb']"
mp-556440,CaZr4(PO4)6,4.3,"['Ca', 'O', 'P', 'Zr']"
mp-18918,ZnWO4,3.3,"['O', 'W', 'Zn']"
mp-1198962,CoTe6O13,3.3,"['Co', 'O', 'Te']"
mp-2133,ZnO,3.33,"['O', 'Zn']"
mp-1195769,NaIn3S5,2.18,"['In', 'Na', 'S']"
mp-22113,Ca2Fe2O5,2.2,"['Ca', 'Fe', 'O']"
mp-18960,ErVO4,3.41,"['Er', 'O', 'V']"
mp-17691,Cu3SbS3,1.87,"['Cu', 'S', 'Sb']"
mp-422,BeS,4.17,"['Be', 'S']"
mp-19254,FeSO4,1.03,"['Fe', 'O', 'S']"
mp-769271,Sr4Ta2O9,4.55,"['O', 'Sr', 'Ta']"
mp-23153,I,1.6,['I']
mp-22398,FeF3,4.01,"['F', 'Fe']"
mp-1198591,RbMoPO6,2.96,"['Mo', 'O', 'P', 'Rb']"
mp-17835,Sn2Sb2S5,1.47,"['S', 'Sb', 'Sn']"
mp-1095291,Li2SnSe3,1.95,"['Li', 'Se', 'Sn']"
mp-2172,AlAs,2.2,"['Al', 'As']"
mp-581967,Nb2O5,3.4,"['Nb', 'O']"
mp-1195344,Ba4Ga4SnSe12,2.16,"['Ba', 'Ga', 'Se', 'Sn']"
mp-22950,CsNiCl3,4.8,"['Cl', 'Cs', 'Ni']"
mp-570081,CuI,3.0,"['Cu', 'I']"
mp-560086,Nd4(GeS4)3,2.62,"['Ge', 'Nd', 'S']"
mp-19381,DyCrO3,2.8,"['Cr', 'Dy', 'O']"
mp-2809,Sb2S3,1.7,"['S', 'Sb']"
mp-5038,CsGaS2,3.305,"['Cs', 'Ga', 'S']"
mp-870,TlN3,3.58,"['N', 'Tl']"
mp-1195550,K2Ce(PO4)2,2.46,"['Ce', 'K', 'O', 'P']"
mp-25423,LiVPO4F,1.75,"['F', 'Li', 'O', 'P', 'V']"
mp-680246,Cs4Zr3S14,2.35,"['Cs', 'S', 'Zr']"
mp-31001,KSb3O5,3.81,"['K', 'O', 'Sb']"
mp-1112889,Cs2InBiCl6,0.99,"['Bi', 'Cl', 'Cs', 'In']"
mp-21723,SiPbO3,0.9,"['O', 'Pb', 'Si']"
mp-1080650,BaCuSF,2.7,"['Ba', 'Cu', 'F', 'S']"
mp-1048859,ZnCr2O4,3.35,"['Cr', 'O', 'Zn']"
mp-8258,BaAl4S7,3.9,"['Al', 'Ba', 'S']"
mp-28395,B6P,3.3,"['B', 'P']"
mp-5048,LiGaTe2,2.31,"['Ga', 'Li', 'Te']"
mp-1192564,Mg2GeSe4,1.76,"['Ge', 'Mg', 'Se']"
mp-758562,LiFeSiO4,2.9,"['Fe', 'Li', 'O', 'Si']"
mp-27726,SO2,1.8695,"['O', 'S']"
mp-18725,YCrO3,1.86,"['Cr', 'O', 'Y']"
mp-510490,GdScS3,2.1,"['Gd', 'S', 'Sc']"
mp-1209358,Rb3Ta2AsS11,2.21,"['As', 'Rb', 'S', 'Ta']"
mp-23290,PtCl2,0.5,"['Cl', 'Pt']"
mp-1434,MoS2,1.78,"['Mo', 'S']"
mp-559240,Li2MnSiO4,3.0,"['Li', 'Mn', 'O', 'Si']"
mp-23956,K2MgH4,3.46,"['H', 'K', 'Mg']"
mp-1191240,Sr2ZnSi2O7,4.24,"['O', 'Si', 'Sr', 'Zn']"
mp-18331,GdCrO3,3.2,"['Cr', 'Gd', 'O']"
mp-23043,RbPb2Br5,3.42,"['Br', 'Pb', 'Rb']"
mp-34903,MgGeP2,1.92,"['Ge', 'Mg', 'P']"
mp-77,S,1.51,['S']
mp-1194878,NaIn(TeO3)2,4.0,"['In', 'Na', 'O', 'Te']"
mp-10782,RbTbSe2,2.5,"['Rb', 'Se', 'Tb']"
mp-12535,K2ZnTe2,3.0,"['K', 'Te', 'Zn']"
mp-28572,LaBr2,1.0,"['Br', 'La']"
mp-5414,NaSbS2,1.71,"['Na', 'S', 'Sb']"
mp-686465,Gd2Ti2O7,3.2,"['Gd', 'O', 'Ti']"
mp-1206662,Cs2TiI6,1.04,"['Cs', 'I', 'Ti']"
mp-1190564,BiPO4,4.05,"['Bi', 'O', 'P']"
mp-1582,As2O3,4.5,"['As', 'O']"
mp-752613,CoSnO3,2.93,"['Co', 'O', 'Sn']"
mp-1194980,KY(TeO3)2,3.8,"['K', 'O', 'Te', 'Y']"
mp-1195270,Sr2P7I,2.0,"['I', 'P', 'Sr']"
mp-22341,PrFeO3,2.08,"['Fe', 'O', 'Pr']"
mp-6396,Li3V2(PO4)3,2.725,"['Li', 'O', 'P', 'V']"
mp-32689,Pr2Se3,1.85,"['Pr', 'Se']"
mp-644514,MnO2,2.0,"['Mn', 'O']"
mp-7988,Cs2O,2.74,"['Cs', 'O']"
mp-27384,AgIO3,3.26,"['Ag', 'I', 'O']"
mp-559186,BaBiBO4,3.53,"['B', 'Ba', 'Bi', 'O']"
mp-1198419,K2Cd3Se4,2.43,"['Cd', 'K', 'Se']"
mp-32798,La2Se3,1.97,"['La', 'Se']"
mp-1500,BaS,3.67,"['Ba', 'S']"
mp-27451,Tl3PbBr5,3.2,"['Br', 'Pb', 'Tl']"
mp-1189339,Ba2InSbSe5,1.92,"['Ba', 'In', 'Sb', 'Se']"
mp-1223463,KCNO,3.26,"['C', 'K', 'N', 'O']"
mp-561083,Na3Bi(PO4)2,3.54,"['Bi', 'Na', 'O', 'P']"
mp-1204598,Bi6Mo2O15,3.1,"['Bi', 'Mo', 'O']"
mp-557195,KCa2Nb3O10,3.44,"['Ca', 'K', 'Nb', 'O']"
mp-19323,SmVO4,2.28,"['O', 'Sm', 'V']"
mp-973966,LiIn(IO3)4,4.27,"['I', 'In', 'Li', 'O']"
mp-985831,HfSe2,1.13,"['Hf', 'Se']"
mp-1407369,LiCuS,2.0,"['Cu', 'Li', 'S']"
mp-697905,LaMg2NiH7,0.821,"['H', 'La', 'Mg', 'Ni']"
mp-1186,ZrS2,1.7,"['S', 'Zr']"
mp-9921,ZrS3,2.07,"['S', 'Zr']"
mp-540839,CsPbI3,1.73,"['Cs', 'I', 'Pb']"
mp-1222860,Li7Mn(BO3)3,5.0,"['B', 'Li', 'Mn', 'O']"
mp-567968,Mn11Si19,0.73,"['Mn', 'Si']"
mp-1048391,BaFe4O7,2.18,"['Ba', 'Fe', 'O']"
mp-17360,Ni2Te3O8,3.84,"['Ni', 'O', 'Te']"
mp-22791,TlInTe2,0.86,"['In', 'Te', 'Tl']"
mp-1192413,CsInTe3O8,3.9,"['Cs', 'In', 'O', 'Te']"
mp-1105127,MnP4,0.53,"['Mn', 'P']"
mp-2843,SnF2,1.3,"['F', 'Sn']"
mp-406,CdTe,1.5,"['Cd', 'Te']"
mp-684704,H2O,1.6,"['H', 'O']"
mp-573581,Na2TeSe3,1.91,"['Na', 'Se', 'Te']"
mp-1080060,LaAlO3,5.0,"['Al', 'La', 'O']"
mp-1194849,Na3MoO4F,4.77,"['F', 'Mo', 'Na', 'O']"
mp-1223642,InGaP2,1.84,"['Ga', 'In', 'P']"
mp-1193499,AgPd(IO3)3,1.5,"['Ag', 'I', 'O', 'Pd']"
mp-3439,SbPO4,4.385,"['O', 'P', 'Sb']"
mp-6548,K2La2Ti3O10,3.05,"['K', 'La', 'O', 'Ti']"
mp-2784,Na2Te,2.15,"['Na', 'Te']"
mp-31406,Bi2TeSe2,0.62,"['Bi', 'Se', 'Te']"
mp-22024,GdVO4,3.1,"['Gd', 'O', 'V']"
mp-555794,NaMg2V3O10,3.22,"['Mg', 'Na', 'O', 'V']"
mp-554782,Li2Ga2GeS6,3.65,"['Ga', 'Ge', 'Li', 'S']"
mp-1078258,Cs2AgBiCl6,2.44,"['Ag', 'Bi', 'Cl', 'Cs']"
mp-1192556,RbInTe3O8,3.9,"['In', 'O', 'Rb', 'Te']"
mp-1205847,Cs2PdBr6,1.6,"['Br', 'Cs', 'Pd']"
mp-1179114,ScO2,1.3,"['O', 'Sc']"
mp-542570,AsSe,1.215,"['As', 'Se']"
mp-1181313,Ga2(TeO3)3,4.145,"['Ga', 'O', 'Te']"
mp-20407,NdFeO3,3.8,"['Fe', 'Nd', 'O']"
mp-971684,C3N4,2.7,"['C', 'N']"
mp-22566,TlInS2,2.4,"['In', 'S', 'Tl']"
mp-2490,GaP,2.26,"['Ga', 'P']"
mp-8818,Ca2ZnN2,1.7,"['Ca', 'N', 'Zn']"
mp-966800,InP,1.35,"['In', 'P']"
mp-1188392,LiInS2,3.57,"['In', 'Li', 'S']"
mp-556516,Tl2S,0.79,"['S', 'Tl']"
mp-23292,HgBr2,3.59,"['Br', 'Hg']"
mp-1223975,K2Nd2Ti3O10,3.25,"['K', 'Nd', 'O', 'Ti']"
mp-19276,BaMoO4,3.35,"['Ba', 'Mo', 'O']"
mp-567290,LaN,0.6,"['La', 'N']"
mp-607267,KPb2Cl5,4.0,"['Cl', 'K', 'Pb']"
mp-12306,BaCdSnS4,2.3,"['Ba', 'Cd', 'S', 'Sn']"
mp-1193355,Mg2SnS4,2.05,"['Mg', 'S', 'Sn']"
mp-561536,NaMgBO3,2.916,"['B', 'Mg', 'Na', 'O']"
mp-558760,SrZrS3,1.53,"['S', 'Sr', 'Zr']"
mp-984519,NaAsSe2,1.73,"['As', 'Na', 'Se']"
mp-7394,BaAg2GeS4,1.7,"['Ag', 'Ba', 'Ge', 'S']"
mp-1105549,BaHfS3,1.69,"['Ba', 'Hf', 'S']"
mp-2659,LiN3,3.4,"['Li', 'N']"
mp-7684,Tl3AsSe3,1.3,"['As', 'Se', 'Tl']"
mp-715584,MoO3,3.0,"['Mo', 'O']"
mp-27449,GaTeCl,2.96,"['Cl', 'Ga', 'Te']"
mp-4533,Na2SiO3,4.0,"['Na', 'O', 'Si']"
mp-1192203,NaCdAsS3,2.93,"['As', 'Cd', 'Na', 'S']"
mp-2963,CaAl2O4,1.6,"['Al', 'Ca', 'O']"
mp-555874,LiAsS2,1.6,"['As', 'Li', 'S']"
mp-1189572,As2S3,2.3,"['As', 'S']"
mp-23384,LiIO3,4.1850000000000005,"['I', 'Li', 'O']"
mp-1191476,Li2In2GeS6,3.45,"['Ge', 'In', 'Li', 'S']"
mp-8361,CsTe,3.94,"['Cs', 'Te']"
mp-555269,Ag3SbS3,2.1125,"['Ag', 'S', 'Sb']"
mp-561103,BaTa2O6,3.8,"['Ba', 'O', 'Ta']"
mp-1539667,CsPbCl3,2.975,"['Cl', 'Cs', 'Pb']"
mp-1541,BeSe,2.725,"['Be', 'Se']"
mp-557920,Zn3(PO4)2,3.43,"['O', 'P', 'Zn']"
mp-1178577,AlFeO3,2.44,"['Al', 'Fe', 'O']"
mp-27381,CsSnI3,1.3,"['Cs', 'I', 'Sn']"
mp-28232,MgTi2O5,3.4,"['Mg', 'O', 'Ti']"
mp-1190138,Na2In2SiS6,2.87,"['In', 'Na', 'S', 'Si']"
mp-683905,K3Ta2AsSe11,1.45,"['As', 'K', 'Se', 'Ta']"
mp-569501,LiCaBi,0.6,"['Bi', 'Ca', 'Li']"
mp-19219,Li3VO4,3.9,"['Li', 'O', 'V']"
mp-2931,Li2TiO3,3.3,"['Li', 'O', 'Ti']"
mp-579560,Cs3Sb2Br9,2.36,"['Br', 'Cs', 'Sb']"
mp-19935,ErFeO3,1.69,"['Er', 'Fe', 'O']"
mp-754329,CdSnO3,3.0,"['Cd', 'O', 'Sn']"
mp-1105692,Tl2Hg3Se4,1.57,"['Hg', 'Se', 'Tl']"
mp-1205353,KMnF3,3.04,"['F', 'K', 'Mn']"
mp-989524,LaWN3,1.5405,"['La', 'N', 'W']"
mp-1225967,CsPSe6,1.9,"['Cs', 'P', 'Se']"
mp-19386,Sr3V2O8,3.45,"['O', 'Sr', 'V']"
mp-1078667,GeH4,1.51,"['Ge', 'H']"
mp-5504,BaCO3,4.61,"['Ba', 'C', 'O']"
mp-560340,La2Pd2O5,1.342,"['La', 'O', 'Pd']"
mp-1019602,Cs2Al2B2O7,4.13,"['Al', 'B', 'Cs', 'O']"
mp-1191817,Li2In2SiSe6,2.54,"['In', 'Li', 'Se', 'Si']"
mp-1216625,TiOF2,3.145,"['F', 'O', 'Ti']"
mp-1095180,Ca2CdAs2,0.95,"['As', 'Ca', 'Cd']"
mp-4408,Sm2Zr2O7,2.9,"['O', 'Sm', 'Zr']"
mp-8426,K2Se,2.035,"['K', 'Se']"
mp-12192,La2Ti2O7,3.4,"['La', 'O', 'Ti']"
mp-22766,CaIn2O4,3.785,"['Ca', 'In', 'O']"
mp-555253,La5Ti2AgS5O7,2.05,"['Ag', 'La', 'O', 'S', 'Ti']"
mp-8291,BaTiF6,3.03,"['Ba', 'F', 'Ti']"
mp-1209751,Pr2MnNiO6,1.0,"['Mn', 'Ni', 'O', 'Pr']"
mp-29901,Rb2Cd3Te4,2.3,"['Cd', 'Rb', 'Te']"
mp-1202576,Tb4GaSbS9,2.44,"['Ga', 'S', 'Sb', 'Tb']"
mp-804,GaN,3.4,"['Ga', 'N']"
mp-542435,Li3ScN2,2.9,"['Li', 'N', 'Sc']"
mp-565814,Fe2O3,2.2,"['Fe', 'O']"
mp-5909,Zn2GeO4,4.5,"['Ge', 'O', 'Zn']"
mp-561620,Ag3AsS3,2.0835,"['Ag', 'As', 'S']"
mp-5214,TiTe3O8,3.37,"['O', 'Te', 'Ti']"
mp-3187,BaCeO3,2.585,"['Ba', 'Ce', 'O']"
mp-567386,Cs2Cd3Te4,2.48,"['Cd', 'Cs', 'Te']"
mp-1199946,Ba2FeSbS5,0.93,"['Ba', 'Fe', 'S', 'Sb']"
mp-1070,CdSe,1.74,"['Cd', 'Se']"
mp-5837,LaGaO3,4.08,"['Ga', 'La', 'O']"
mp-1104938,Rb3Na(MoO4)2,4.84,"['Mo', 'Na', 'O', 'Rb']"
mp-31076,Tl2TeBr6,2.06,"['Br', 'Te', 'Tl']"
mp-20489,SrPbO3,1.78,"['O', 'Pb', 'Sr']"
mp-696805,H2S,0.5037,"['H', 'S']"
mp-568394,MoCl3,0.56,"['Cl', 'Mo']"
mp-6270,Ba2LiReO6,2.42,"['Ba', 'Li', 'O', 'Re']"
mp-1215990,Zn6S5Cl2,2.71,"['Cl', 'S', 'Zn']"
mp-686208,Li5SiN3,2.51,"['Li', 'N', 'Si']"
mp-15900,Sr3Sc2Cu2S2O5,2.4,"['Cu', 'O', 'S', 'Sc', 'Sr']"
mp-2647124,Cs2PbBr6,1.6,"['Br', 'Cs', 'Pb']"
mp-29461,Zn3Mo2O9,2.86,"['Mo', 'O', 'Zn']"
mp-2715259,Na3La2(PO4)3,3.86,"['La', 'Na', 'O', 'P']"
mp-4468,CuSbS2,1.5,"['Cu', 'S', 'Sb']"
mp-5999,Sm2Ti2S2O5,2.8,"['O', 'S', 'Sm', 'Ti']"
mp-758560,FeOF,1.23,"['F', 'Fe', 'O']"
mp-571079,TlCl,2.55,"['Cl', 'Tl']"
mp-27488,Ta3N5,2.1,"['N', 'Ta']"
mp-1192032,NaSr3Be3B3O9F4,4.82,"['B', 'Be', 'F', 'Na', 'O', 'Sr']"
mp-29711,Tl2Te3,0.68,"['Te', 'Tl']"
mp-1223709,K2Ag3Sb3S7,2.2,"['Ag', 'K', 'S', 'Sb']"
mp-18531,K2Cd3Te4,2.26,"['Cd', 'K', 'Te']"
mp-540574,Cs2Hg3I8,2.56,"['Cs', 'Hg', 'I']"
mp-1403610,CaTi2O5,3.095,"['Ca', 'O', 'Ti']"
mp-2514,Mg3P2,1.935,"['Mg', 'P']"
mp-1190145,Na2In2GeS6,2.7935,"['Ge', 'In', 'Na', 'S']"
mp-1192528,LiCa3As2H,1.4,"['As', 'Ca', 'H', 'Li']"
mp-616458,Cs2CO3,1.8,"['C', 'Cs', 'O']"
mp-27962,CI4,2.26,"['C', 'I']"
mp-581024,CsK2Sb,1.62,"['Cs', 'K', 'Sb']"
mp-554343,K2CuSbS3,2.2,"['Cu', 'K', 'S', 'Sb']"
mp-18571,BaCrO4,2.63,"['Ba', 'Cr', 'O']"
mp-1189383,Li2CdGeS4,3.1,"['Cd', 'Ge', 'Li', 'S']"
mp-1104268,Cs3Bi2Cl9,2.215,"['Bi', 'Cl', 'Cs']"
mp-17612,Ba2SiO4,4.2605,"['Ba', 'O', 'Si']"
mp-1105399,La2MoO5,0.55,"['La', 'Mo', 'O']"
mp-19407,MnWO4,2.69,"['Mn', 'O', 'W']"
mp-1020633,RbMgBO3,3.827,"['B', 'Mg', 'O', 'Rb']"
mp-1246515,Ca6Te3N2,2.5,"['Ca', 'N', 'Te']"
mp-2176,ZnTe,2.26,"['Te', 'Zn']"
mp-753712,YIO,3.16,"['I', 'O', 'Y']"
mp-13872,Cu8SiS6,0.97,"['Cu', 'S', 'Si']"
mp-7090,NaMgSb,1.04,"['Mg', 'Na', 'Sb']"
mp-9996,SiP2,2.25,"['P', 'Si']"
mp-3962,LaPO4,4.96,"['La', 'O', 'P']"
mp-1192667,KAg2SbS3,2.1,"['Ag', 'K', 'S', 'Sb']"
mp-557373,Cu2WS4,1.74,"['Cu', 'S', 'W']"
mp-1192057,Ag2S2O7,2.24,"['Ag', 'O', 'S']"
mp-29806,Cs2PdI6,1.4,"['Cs', 'I', 'Pd']"
mp-4975,RbZnF3,3.6825,"['F', 'Rb', 'Zn']"
mp-1078634,LaFeO3,2.1,"['Fe', 'La', 'O']"
mp-19163,SrWO4,4.8,"['O', 'Sr', 'W']"
mp-756297,ZnIn2O4,1.23,"['In', 'O', 'Zn']"
mp-20678,NaIn(WO4)2,3.69,"['In', 'Na', 'O', 'W']"
mp-4200,ScPO4,4.255000000000001,"['O', 'P', 'Sc']"
mp-614603,CsI,4.595000000000001,"['Cs', 'I']"
mp-209,Er2Se3,1.66,"['Er', 'Se']"
mp-1227508,BiSbSe3,1.1,"['Bi', 'Sb', 'Se']"
mp-18988,Li2MnO3,1.89,"['Li', 'Mn', 'O']"
mp-23709,Mg(AlH4)2,2.9,"['Al', 'H', 'Mg']"
mp-754318,MnZnO3,2.18,"['Mn', 'O', 'Zn']"
mp-762,PtS2,0.95,"['Pt', 'S']"
mp-32594,Sm2Se3,2.3,"['Se', 'Sm']"
mp-568847,K4GeSe4,0.64,"['Ge', 'K', 'Se']"
mp-510458,HCN,0.68,"['C', 'H', 'N']"
mp-23501,FeBiO3,2.2,"['Bi', 'Fe', 'O']"
mp-1078217,NaFeF3,0.88,"['F', 'Fe', 'Na']"
mp-31508,KPb2Br5,3.46,"['Br', 'K', 'Pb']"
mp-1016197,MgSiAs2,1.985,"['As', 'Mg', 'Si']"
mp-1214217,CCl2,1.615,"['C', 'Cl']"
mp-7781,CaZrS3,1.9,"['Ca', 'S', 'Zr']"
mp-1274279,FeO,2.0,"['Fe', 'O']"
mp-863430,Zn3In2O6,3.0,"['In', 'O', 'Zn']"
mp-691119,Bi14MoO24,2.91,"['Bi', 'Mo', 'O']"
mp-390,TiO2,3.2,"['O', 'Ti']"
mp-1172870,K2Ho4Cu4S9,2.43,"['Cu', 'Ho', 'K', 'S']"
mp-1211763,KGdTiO4,3.04,"['Gd', 'K', 'O', 'Ti']"
mp-1509,Sn2S3,1.175,"['S', 'Sn']"
mp-2030,RuS2,1.55,"['Ru', 'S']"
mp-17904,Nd2TiO5,3.0,"['Nd', 'O', 'Ti']"
mp-2858,ZrO2,5.0,"['O', 'Zr']"
mp-569128,SiB3,1.1,"['B', 'Si']"
mp-1019967,LaSi3N5,3.915,"['La', 'N', 'Si']"
mp-1080625,Sr2LiReO6,2.21,"['Li', 'O', 'Re', 'Sr']"
mp-27283,TlPb2Cl5,3.42,"['Cl', 'Pb', 'Tl']"
mp-1238804,Cs4PbI6,3.44,"['Cs', 'I', 'Pb']"
mp-556070,Na5Gd(MoO4)4,3.376,"['Gd', 'Mo', 'Na', 'O']"
mp-634101,HCl,2.565,"['Cl', 'H']"
mp-1016200,MgGeAs2,1.95,"['As', 'Ge', 'Mg']"
mp-1112943,Cs2AgSbBr6,1.64,"['Ag', 'Br', 'Cs', 'Sb']"
mp-768814,Y2GeO5,4.0,"['Ge', 'O', 'Y']"
mp-676241,FeCl3,0.685,"['Cl', 'Fe']"
mp-574040,K2SnBr6,1.4049999999999998,"['Br', 'K', 'Sn']"
mp-23054,NaBiO3,2.45,"['Bi', 'Na', 'O']"
mp-1182285,BaBiO3,2.05,"['Ba', 'Bi', 'O']"
mp-755882,MnAl2O4,2.21,"['Al', 'Mn', 'O']"
mp-559551,Cu4Bi4S9,0.915,"['Bi', 'Cu', 'S']"
mp-14577,Rb4Ta2S11,2.58,"['Rb', 'S', 'Ta']"
mp-9481,TcS2,0.9,"['S', 'Tc']"
mp-1198022,Ge,0.7,['Ge']
mp-1247749,CsSnBr3,1.75,"['Br', 'Cs', 'Sn']"
mp-27904,FeSbS,0.8,"['Fe', 'S', 'Sb']"
mp-4438,CaSnO3,4.3,"['Ca', 'O', 'Sn']"
mp-1192770,Rb3In(IO3)6,2.45,"['I', 'In', 'O', 'Rb']"
mp-27130,Li2W2O7,4.35,"['Li', 'O', 'W']"
mp-672,CdS,2.4,"['Cd', 'S']"
mp-10499,LiZr2(PO4)3,3.5,"['Li', 'O', 'P', 'Zr']"
mp-17698,K6CdTe4,2.51,"['Cd', 'K', 'Te']"
mp-1120739,CaCl2,3.2,"['Ca', 'Cl']"
mp-2232,CS2,2.29,"['C', 'S']"
mp-504554,Ba5Ta4O15,4.0,"['Ba', 'O', 'Ta']"
mp-18783,Ca2FeMoO6,2.42,"['Ca', 'Fe', 'Mo', 'O']"
mp-28240,CSO,3.35,"['C', 'O', 'S']"
mp-3858,NaTaO3,4.0,"['Na', 'O', 'Ta']"
mp-554820,ZnS,3.65,"['S', 'Zn']"
mp-22855,HgCl2,4.45,"['Cl', 'Hg']"
mp-22917,CuBr,1.9835,"['Br', 'Cu']"
mp-5532,Sr2TiO4,2.56,"['O', 'Sr', 'Ti']"
mp-20194,CeO2,3.13,"['Ce', 'O']"
mp-1222376,LiZnBO3,3.1,"['B', 'Li', 'O', 'Zn']"
mp-1100868,YCuTe2,0.6,"['Cu', 'Te', 'Y']"
mp-10390,Ta2O5,4.0,"['O', 'Ta']"
mp-23380,Tl3PbI5,2.4850000000000003,"['I', 'Pb', 'Tl']"
mp-11321,Y3TaO7,4.6,"['O', 'Ta', 'Y']"
mp-985829,HfS2,1.93,"['Hf', 'S']"
mp-19387,CdWO4,3.7,"['Cd', 'O', 'W']"
mp-1189598,Y3GaS6,2.88,"['Ga', 'S', 'Y']"
mp-1096782,Ba2VFeO6,1.0,"['Ba', 'Fe', 'O', 'V']"
mp-1199482,K2Gd2Sb2Se9,1.33,"['Gd', 'K', 'Sb', 'Se']"
mp-560338,CrF3,1.53,"['Cr', 'F']"
mp-37906,LiMgN,3.45,"['Li', 'Mg', 'N']"
mp-1315,MgS,0.658,"['Mg', 'S']"
mp-19162,LaVO4,2.69,"['La', 'O', 'V']"
mp-1194714,SrTh(PS4)2,3.02,"['P', 'S', 'Sr', 'Th']"
mp-1112176,CsTlCl3,2.5,"['Cl', 'Cs', 'Tl']"
mp-19803,CdIn2O4,3.225,"['Cd', 'In', 'O']"
mp-5878,KZnF3,4.3805,"['F', 'K', 'Zn']"
mp-22988,CsGeCl3,1.835,"['Cl', 'Cs', 'Ge']"
mp-505526,FeMoO4,2.725,"['Fe', 'Mo', 'O']"
mp-1192550,RbBaPS4,3.3,"['Ba', 'P', 'Rb', 'S']"
mp-3744,NaNbO2,1.5,"['Na', 'Nb', 'O']"
mp-985591,Li6PS5Br,2.12,"['Br', 'Li', 'P', 'S']"
mp-1192531,KCu2SbS3,1.53,"['Cu', 'K', 'S', 'Sb']"
mp-2340,Na2O2,4.84,"['Na', 'O']"
mp-2833,IrS2,0.9,"['Ir', 'S']"
mp-218,Sm2O3,3.7,"['O', 'Sm']"
mp-567681,CsPbBr3,2.3,"['Br', 'Cs', 'Pb']"
mp-4816,LaGaS3,2.5,"['Ga', 'La', 'S']"
mp-1191636,CsCdBO3,2.58,"['B', 'Cd', 'Cs', 'O']"
mp-19097,FeBO3,2.35,"['B', 'Fe', 'O']"
mp-562726,CsGaS3,2.78,"['Cs', 'Ga', 'S']"
mp-1205371,Ba3InS4Cl,3.205,"['Ba', 'Cl', 'In', 'S']"
mp-9380,SrGe4O9,3.28,"['Ge', 'O', 'Sr']"
mp-23737,KMgH3,2.59,"['H', 'K', 'Mg']"
mp-560163,Ca4Si2O7F2,4.8,"['Ca', 'F', 'O', 'Si']"
mp-28290,CdTeO3,3.3,"['Cd', 'O', 'Te']"
mp-866615,CsAg2AsS3,2.7,"['Ag', 'As', 'Cs', 'S']"
mp-683983,TaO2,1.0,"['O', 'Ta']"
mp-1087,SrS,4.779999999999999,"['S', 'Sr']"
mp-556980,Sn3WO6,2.49,"['O', 'Sn', 'W']"
mp-19281,LaCrO3,1.33,"['Cr', 'La', 'O']"
mp-18006,Rb2Cu2SnS4,2.08,"['Cu', 'Rb', 'S', 'Sn']"
mp-684504,Li3Bi2(PO4)3,3.5,"['Bi', 'Li', 'O', 'P']"
mp-23704,NaAlH4,4.8,"['Al', 'H', 'Na']"
mp-844,Ca3N2,1.55,"['Ca', 'N']"
mp-1203522,Cs2HgCl4,3.59,"['Cl', 'Cs', 'Hg']"
mp-35308,CuCN,3.26,"['C', 'Cu', 'N']"
mp-3196,NdGaO3,2.653,"['Ga', 'Nd', 'O']"
mp-19260,Li2WO4,4.175,"['Li', 'O', 'W']"
mp-3666,LiTaO3,4.4,"['Li', 'O', 'Ta']"
mp-665,SnSe2,1.2,"['Se', 'Sn']"
mp-1196490,La4Cd4In2S13,2.27,"['Cd', 'In', 'La', 'S']"
mp-18337,Be3N2,3.8,"['Be', 'N']"
mp-1477,BaSi2,1.3,"['Ba', 'Si']"
mp-1019544,BaZrO3,4.8,"['Ba', 'O', 'Zr']"
mp-540771,BaZrS3,1.83,"['Ba', 'S', 'Zr']"
mp-5955,NaSbF6,3.76,"['F', 'Na', 'Sb']"
mp-33723,BiTeBr,0.6,"['Bi', 'Br', 'Te']"
mp-4604,Li7VN4,1.4,"['Li', 'N', 'V']"
mp-1192452,RbNb2PSe10,1.15,"['Nb', 'P', 'Rb', 'Se']"
mp-1550,AlP,2.48,"['Al', 'P']"
mp-18179,Cd4SiS6,2.5,"['Cd', 'S', 'Si']"
mp-1112887,Cs2InSbCl6,1.0,"['Cl', 'Cs', 'In', 'Sb']"
mp-1195822,CsNb2PSe10,1.15,"['Cs', 'Nb', 'P', 'Se']"
mp-19046,KMnO4,1.04,"['K', 'Mn', 'O']"
mp-541155,VS4,1.0,"['S', 'V']"
mp-541404,VO2,0.7,"['O', 'V']"
mp-504591,PbWO4,3.81,"['O', 'Pb', 'W']"
mp-1225936,CsHgSbSe3,1.89,"['Cs', 'Hg', 'Sb', 'Se']"
mp-1195363,Rb3Bi2Br9,2.62,"['Bi', 'Br', 'Rb']"
mp-3488,Na2Ti3O7,3.51,"['Na', 'O', 'Ti']"
mp-8484,ZnO2,3.6,"['O', 'Zn']"
mp-2507,GaS,2.5,"['Ga', 'S']"
mp-17172,Tl2TeS3,1.6,"['S', 'Te', 'Tl']"
mp-23182,SnI4,2.38,"['I', 'Sn']"
mp-224,WS2,1.8,"['S', 'W']"
mp-27954,CuN3,4.565,"['Cu', 'N']"
mp-1120759,PdSe2,1.0750000000000002,"['Pd', 'Se']"
mp-1205823,Ba2ScTaO6,4.19,"['Ba', 'O', 'Sc', 'Ta']"
mp-11124,CsLaHgSe3,2.485,"['Cs', 'Hg', 'La', 'Se']"
mp-556094,AgBiSCl2,1.0,"['Ag', 'Bi', 'Cl', 'S']"
mp-8755,KNaTe,2.12,"['K', 'Na', 'Te']"
mp-1195571,Cs2Mg2(WO4)3,4.53,"['Cs', 'Mg', 'O', 'W']"
mp-1212633,LaGaGe2O7,3.3,"['Ga', 'Ge', 'La', 'O']"
mp-1958,SrTe,3.5,"['Sr', 'Te']"
mp-9172,Li4TiO4,4.64,"['Li', 'O', 'Ti']"
mp-27742,K2CdO2,3.36,"['Cd', 'K', 'O']"
mp-755231,LiTeO3,2.0,"['Li', 'O', 'Te']"
mp-19426,CaWO4,4.325,"['Ca', 'O', 'W']"
mp-11123,CsYHgSe3,2.54,"['Cs', 'Hg', 'Se', 'Y']"
mp-21735,LiFe5O8,1.765,"['Fe', 'Li', 'O']"
mp-27552,TlPbI3,1.33,"['I', 'Pb', 'Tl']"
mp-1195582,La8Sb2S15,2.3,"['La', 'S', 'Sb']"
mp-683902,Rb3Nb2AsSe11,1.5,"['As', 'Nb', 'Rb', 'Se']"
mp-674333,Na3PO4,2.2,"['Na', 'O', 'P']"
mp-4157,Sr(NO3)2,1.63,"['N', 'O', 'Sr']"
mp-552185,AgNO3,1.86,"['Ag', 'N', 'O']"
mp-23237,BiF3,3.94,"['Bi', 'F']"
mp-557436,NaNb2PS10,1.72,"['Na', 'Nb', 'P', 'S']"
mp-17715,SrTa2O6,4.49,"['O', 'Sr', 'Ta']"
mp-3934,Cu3PS4,2.3,"['Cu', 'P', 'S']"
mp-1200490,Tb4Al2O9,4.59,"['Al', 'O', 'Tb']"
mp-1196438,CsCu2AsS3,2.3,"['As', 'Cs', 'Cu', 'S']"
mp-22598,In2O3,3.3,"['In', 'O']"
mp-1200759,Ba3GeS5,3.0,"['Ba', 'Ge', 'S']"
mp-1041014,MgV2O4,2.81,"['Mg', 'O', 'V']"
mp-22342,PbSeO4,4.3,"['O', 'Pb', 'Se']"
mp-1195243,AgP15,1.38,"['Ag', 'P']"
mp-28013,MnI2,4.220000000000001,"['I', 'Mn']"
mp-7375,KNbO3,3.24,"['K', 'Nb', 'O']"
mp-22922,AgCl,3.25,"['Ag', 'Cl']"
mp-1189614,BaThO3,3.0,"['Ba', 'O', 'Th']"
mp-569766,TeI,1.1,"['I', 'Te']"
mp-541600,RbLaTa2O7,3.81,"['La', 'O', 'Rb', 'Ta']"
mp-1045,Nd2O3,3.875,"['Nd', 'O']"
mp-554408,CsAgSb4S7,2.04,"['Ag', 'Cs', 'S', 'Sb']"
mp-770771,SrSc2O4,4.6,"['O', 'Sc', 'Sr']"
mp-18814,MnCO3,3.104,"['C', 'Mn', 'O']"
mp-1239169,MoS3,1.5,"['Mo', 'S']"
mp-31309,RbInSe2,2.0,"['In', 'Rb', 'Se']"
mp-19319,ErMnO3,1.6,"['Er', 'Mn', 'O']"
mp-10182,LiZnP,2.04,"['Li', 'P', 'Zn']"
mp-1274308,Sr2CoWO6,2.38,"['Co', 'O', 'Sr', 'W']"
mp-755749,Cr2O3,3.08,"['Cr', 'O']"
mp-542067,Rb4Ti3S14,1.59,"['Rb', 'S', 'Ti']"
mp-1188784,Li2CdSnS4,3.26,"['Cd', 'Li', 'S', 'Sn']"
mp-561066,TlS,1.36,"['S', 'Tl']"
mp-571102,TlI,2.815,"['I', 'Tl']"
mp-641923,Cs2SnBr6,2.9,"['Br', 'Cs', 'Sn']"
mp-1180700,LaMnO3,1.7,"['La', 'Mn', 'O']"
mp-641703,Li7P3S11,3.065,"['Li', 'P', 'S']"
mp-757233,Gd2Zr2O7,2.68,"['Gd', 'O', 'Zr']"
mp-11674,Al2Se3,3.1,"['Al', 'Se']"
mp-570577,SrAlSi4N7,4.2,"['Al', 'N', 'Si', 'Sr']"
mp-568525,Sr2SnSe5,0.9,"['Se', 'Sn', 'Sr']"
mp-1104469,CsGdZnTe3,2.13,"['Cs', 'Gd', 'Te', 'Zn']"
mp-1219182,SiGe,0.51,"['Ge', 'Si']"
mp-23419,Sb4Cl2O5,3.0,"['Cl', 'O', 'Sb']"
mp-27767,Li6Si2O7,4.94,"['Li', 'O', 'Si']"
mp-27194,SnI2,2.4,"['I', 'Sn']"
mp-1190100,Tl2Hg3Te4,0.9,"['Hg', 'Te', 'Tl']"
mp-1191200,Li2In2GeSe6,2.3,"['Ge', 'In', 'Li', 'Se']"
mp-20783,YFeO3,2.375,"['Fe', 'O', 'Y']"
mp-574620,CsYZnSe3,2.35,"['Cs', 'Se', 'Y', 'Zn']"
mp-5338,ZnSeO3,2.66,"['O', 'Se', 'Zn']"
mp-570485,SrAlSiH,0.63,"['Al', 'H', 'Si', 'Sr']"
mp-1198248,In2Bi3Se7I,1.5,"['Bi', 'I', 'In', 'Se']"
mp-20187,LiInSe2,2.83,"['In', 'Li', 'Se']"
mp-1228245,BaLa4Ti4O15,3.9,"['Ba', 'La', 'O', 'Ti']"
mp-638078,CsTbZnTe3,2.12,"['Cs', 'Tb', 'Te', 'Zn']"
mp-2879,SrSnO3,4.1,"['O', 'Sn', 'Sr']"
mp-6812,KBaPO4,4.35,"['Ba', 'K', 'O', 'P']"
mp-1214622,Ba2SmTaO6,3.02,"['Ba', 'O', 'Sm', 'Ta']"
mp-19131,LiMnBO3,3.05,"['B', 'Li', 'Mn', 'O']"
mp-629458,BC2N,1.7000000000000002,"['B', 'C', 'N']"
mp-38970,Ga2Te3,1.65,"['Ga', 'Te']"
mp-572892,GeS2,3.71,"['Ge', 'S']"
mp-1202506,Ba2FeBiS5,1.22,"['Ba', 'Bi', 'Fe', 'S']"
mp-573635,Ba2In2Se5,2.295,"['Ba', 'In', 'Se']"
mp-559474,La5Ti2CuS5O7,1.9,"['Cu', 'La', 'O', 'S', 'Ti']"
mp-23020,BiSeI,1.425,"['Bi', 'I', 'Se']"
mp-18855,Co2Te3O8,3.6,"['Co', 'O', 'Te']"
mp-947,Au2S,1.8,"['Au', 'S']"
mp-18997,LiMnPO4,2.0,"['Li', 'Mn', 'O', 'P']"
mp-1224,HgO,2.2,"['Hg', 'O']"
mp-1096926,Cs2InAgCl6,3.3,"['Ag', 'Cl', 'Cs', 'In']"
mp-1194705,Sr2P7Cl,1.9,"['Cl', 'P', 'Sr']"
mp-1232659,MnO,3.75,"['Mn', 'O']"
mp-1198078,Sm2ZrSe5,1.41,"['Se', 'Sm', 'Zr']"
mp-3335,Sm2Ti2O7,3.6,"['O', 'Sm', 'Ti']"
mp-18625,KPSe6,2.16,"['K', 'P', 'Se']"
mp-776110,SiSnO3,3.1,"['O', 'Si', 'Sn']"
mp-22963,K2TeBr6,2.17,"['Br', 'K', 'Te']"
mp-20852,NdMnO3,3.02,"['Mn', 'Nd', 'O']"
mp-23436,Cs4PbBr6,3.95,"['Br', 'Cs', 'Pb']"
mp-29529,NaSnP,1.19,"['Na', 'P', 'Sn']"
mp-1218879,Sr2Al2SiO7,4.11,"['Al', 'O', 'Si', 'Sr']"
mp-568379,KInSnSe4,1.8,"['In', 'K', 'Se', 'Sn']"
mp-18685,SrCu2GeS4,2.5,"['Cu', 'Ge', 'S', 'Sr']"
mp-2423265,KCoO2,1.0,"['Co', 'K', 'O']"
mp-6798,Ba2NaReO6,2.45,"['Ba', 'Na', 'O', 'Re']"
mp-30311,Zn3(PS4)2,3.13,"['P', 'S', 'Zn']"
mp-2979,ZnGeN2,3.2,"['Ge', 'N', 'Zn']"
mp-539,Ga2S3,2.99,"['Ga', 'S']"
mp-1057015,PbS,0.7,"['Pb', 'S']"
mp-10347,CsCa2Ta3O10,3.8,"['Ca', 'Cs', 'O', 'Ta']"
mp-545482,PdSeO3,2.75,"['O', 'Pd', 'Se']"
mp-5795,CaMg2N2,3.25,"['Ca', 'Mg', 'N']"
mp-22885,XeF2,3.035,"['F', 'Xe']"
mp-913,CdP2,0.81,"['Cd', 'P']"
mp-6296,K6Cd4Sn3Se13,2.33,"['Cd', 'K', 'Se', 'Sn']"
mp-7475,La2S3,2.59,"['La', 'S']"
mp-999265,RbYS2,4.0,"['Rb', 'S', 'Y']"
mp-23703,LiH,2.76,"['H', 'Li']"
mp-13287,BaCuTeF,2.65,"['Ba', 'Cu', 'F', 'Te']"
mp-13979,Ca2Nb2O7,2.14,"['Ca', 'Nb', 'O']"
mp-19114,Ca2NiWO6,2.32,"['Ca', 'Ni', 'O', 'W']"
mp-4287,Sr2SnO4,4.7,"['O', 'Sn', 'Sr']"
mp-1522,FeS2,0.95,"['Fe', 'S']"
mp-567503,PbI2,2.32,"['I', 'Pb']"
mp-19009,NiO,3.6,"['Ni', 'O']"
mp-1191072,BaGa4Se7,2.73,"['Ba', 'Ga', 'Se']"
mp-27411,TlP5,2.02,"['P', 'Tl']"
mp-1202711,BaSn2S5,2.335,"['Ba', 'S', 'Sn']"
mp-1203526,Cd4As2Br3,1.825,"['As', 'Br', 'Cd']"
mp-1224772,HNO3,3.75,"['H', 'N', 'O']"
mp-760510,Sr2Bi2O5,3.17,"['Bi', 'O', 'Sr']"
mp-27936,Na2SbF5,0.6,"['F', 'Na', 'Sb']"
mp-995198,CO2,2.2,"['C', 'O']"
mp-1195624,Ba3Sb2S7,2.4,"['Ba', 'S', 'Sb']"
mp-1194731,CsBa2SnS4Cl,2.06,"['Ba', 'Cl', 'Cs', 'S', 'Sn']"
mp-29862,SnBr2,3.45,"['Br', 'Sn']"
mp-28377,CsGeI3,1.6,"['Cs', 'Ge', 'I']"
mp-23388,Bi2(MoO4)3,2.77,"['Bi', 'Mo', 'O']"
mp-22428,SrCeO3,3.01,"['Ce', 'O', 'Sr']"
mp-1211748,K3Ta2AsS11,2.21,"['As', 'K', 'S', 'Ta']"
mp-23407,Hg(IO3)2,2.61,"['Hg', 'I', 'O']"
mp-510347,In5S5Br,1.55,"['Br', 'In', 'S']"
mp-510062,CsSmCdSe3,2.46,"['Cd', 'Cs', 'Se', 'Sm']"
mp-18834,SrMoO4,3.415,"['Mo', 'O', 'Sr']"
mp-28885,PSe,0.94,"['P', 'Se']"
mp-1103397,BaSnF4,2.5,"['Ba', 'F', 'Sn']"
mp-4571,CaZrO3,3.3,"['Ca', 'O', 'Zr']"
mp-683903,Cs3Nb2AsSe11,1.35,"['As', 'Cs', 'Nb', 'Se']"
mp-3924,LiNbO2,3.16,"['Li', 'Nb', 'O']"
mp-2383161,WO3,2.7,"['O', 'W']"
mp-572758,ReS2,1.47,"['Re', 'S']"
mp-1188364,Tl2Hg3S4,2.05,"['Hg', 'S', 'Tl']"
mp-571020,CsMgH3,3.3,"['Cs', 'H', 'Mg']"
mp-601861,RbInS2,3.05,"['In', 'Rb', 'S']"
mp-547792,KSbO3,4.76,"['K', 'O', 'Sb']"
mp-1103970,FeSO4F,1.5,"['F', 'Fe', 'O', 'S']"
mp-20282,CsPbF3,2.55,"['Cs', 'F', 'Pb']"
mp-8830,NaRhO2,1.33,"['Na', 'O', 'Rh']"
mp-23262,Bi2O3,2.8,"['Bi', 'O']"
mp-23127,Ba2BiSbO6,3.0,"['Ba', 'Bi', 'O', 'Sb']"
mp-9028,PrBN2,4.0,"['B', 'N', 'Pr']"
mp-700,GeSe,1.1565,"['Ge', 'Se']"
mp-754815,YBr3,2.5,"['Br', 'Y']"
mp-909,As2Se3,1.76,"['As', 'Se']"
mp-23309,ScCl3,5.0,"['Cl', 'Sc']"
mp-4763,ZnSiP2,2.1,"['P', 'Si', 'Zn']"
mp-1153,Li2S,3.3595,"['Li', 'S']"
mp-542545,K3Nb2AsSe11,1.53,"['As', 'K', 'Nb', 'Se']"
mp-5280,In2Ge2O7,4.43,"['Ge', 'In', 'O']"
mp-570339,Tl4CdI6,2.815,"['Cd', 'I', 'Tl']"
mp-12532,KAg2PS4,3.02,"['Ag', 'K', 'P', 'S']"
mp-1423059,SbN,2.87,"['N', 'Sb']"
mp-1190401,BaAgSbS3,2.2,"['Ag', 'Ba', 'S', 'Sb']"
mp-680380,Ca2Ta2O7,4.4,"['Ca', 'O', 'Ta']"
mp-1009750,ScN,0.92,"['N', 'Sc']"
mp-1196663,La4InSbS9,2.32,"['In', 'La', 'S', 'Sb']"
mp-1203413,BaTeMo2O9,3.035,"['Ba', 'Mo', 'O', 'Te']"
mp-637680,K2Mo4O13,1.9,"['K', 'Mo', 'O']"
mp-23480,Bi2WO6,2.75,"['Bi', 'O', 'W']"
mp-17700,SnWO4,1.9,"['O', 'Sn', 'W']"
mp-20944,Sr2PbO4,1.75,"['O', 'Pb', 'Sr']"
mp-1196712,Dy4GaSbS9,2.58,"['Dy', 'Ga', 'S', 'Sb']"
mp-27394,CsSnCl3,1.4125,"['Cl', 'Cs', 'Sn']"
mp-23185,XeF4,2.6,"['F', 'Xe']"
mp-28007,BaHgS2,1.93,"['Ba', 'Hg', 'S']"
mp-841,Li2O2,4.5,"['Li', 'O']"
mp-580941,AgI,2.775,"['Ag', 'I']"
mp-555560,CdTeMoO6,3.25,"['Cd', 'Mo', 'O', 'Te']"
mp-1112980,Cs3BiBr6,3.05,"['Bi', 'Br', 'Cs']"
mp-1173567,NaLaMgWO6,3.6685,"['La', 'Mg', 'Na', 'O', 'W']"
mp-1193501,Li2Fe(SO4)2,5.0,"['Fe', 'Li', 'O', 'S']"
mp-5977,Nd2Zr2O7,3.75,"['Nd', 'O', 'Zr']"
mp-558749,RbMnF3,1.49,"['F', 'Mn', 'Rb']"
mp-4666,CdSiP2,1.358,"['Cd', 'P', 'Si']"
mp-8624,K2Sn2O3,2.75,"['K', 'O', 'Sn']"
mp-1176656,LiMn2O4,1.43,"['Li', 'Mn', 'O']"
mp-2345,Dy2O3,4.8,"['Dy', 'O']"
mp-669311,In7Te10,1.75,"['In', 'Te']"
mp-2231,SnS,1.3,"['S', 'Sn']"
mp-569571,Nb3Sb2Te5,0.9,"['Nb', 'Sb', 'Te']"
mp-540625,GeSe2,2.03,"['Ge', 'Se']"
mp-1288145,LaCoO3,2.1,"['Co', 'La', 'O']"
mp-1200917,SmBiW2O9,3.39,"['Bi', 'O', 'Sm', 'W']"
mp-6913,YN,1.9,"['N', 'Y']"
mp-570553,FeP4,0.88,"['Fe', 'P']"
mp-5942,NaAsS2,2.28,"['As', 'Na', 'S']"
mp-29628,Na4SnS4,3.32,"['Na', 'S', 'Sn']"
mp-1228486,Ba2NdGaS5,2.12,"['Ba', 'Ga', 'Nd', 'S']"
mp-1716,Rh2O3,1.2,"['O', 'Rh']"
mp-27624,CaV2O6,2.56,"['Ca', 'O', 'V']"
mp-1270,Dy2S3,2.955,"['Dy', 'S']"
mp-549589,LaZnAsO,1.5,"['As', 'La', 'O', 'Zn']"
mp-638261,La2GeO5,4.873,"['Ge', 'La', 'O']"
mp-571169,InBi2Se4Br,1.21,"['Bi', 'Br', 'In', 'Se']"
mp-10159,K3Sb,1.4,"['K', 'Sb']"
mp-1211873,K3Ti2P5S18,1.61,"['K', 'P', 'S', 'Ti']"
mp-550514,LaTaN2O,1.9,"['La', 'N', 'O', 'Ta']"
mp-1198687,La2ZrS5,2.01,"['La', 'S', 'Zr']"
mp-6565,Li3Sc2(PO4)3,4.681,"['Li', 'O', 'P', 'Sc']"
mp-19048,BaWO4,3.2,"['Ba', 'O', 'W']"
mp-985583,Li3PS4,3.68,"['Li', 'P', 'S']"
mp-1200447,LaYS3,1.9,"['La', 'S', 'Y']"
mp-753395,FePO4,2.445,"['Fe', 'O', 'P']"
mp-4236,BaZnO2,2.2,"['Ba', 'O', 'Zn']"
mp-18759,Mn3O4,2.3,"['Mn', 'O']"
mp-1202825,CsLu7S11,1.86,"['Cs', 'Lu', 'S']"
mp-8216,LaBO3,1.67,"['B', 'La', 'O']"
mp-1216778,TiS2,1.12,"['S', 'Ti']"
mp-29895,Rb3Bi2I9,2.1,"['Bi', 'I', 'Rb']"
mp-27922,GeI2,1.5,"['Ge', 'I']"
mp-13548,Cs2Pt,1.5,"['Cs', 'Pt']"
mp-21179,NiWO4,2.9,"['Ni', 'O', 'W']"
mp-7440,NaP,2.0340000000000003,"['Na', 'P']"
mp-570887,K2Ag2SnSe4,1.8,"['Ag', 'K', 'Se', 'Sn']"
mp-3285,Na2Ta4O11,3.3,"['Na', 'O', 'Ta']"
mp-27293,Tl4HgBr6,1.8,"['Br', 'Hg', 'Tl']"
mp-3870,Sr2Nb2O7,2.15,"['Nb', 'O', 'Sr']"
mp-8810,SrZn2(PO4)2,4.03,"['O', 'P', 'Sr', 'Zn']"
mp-1190380,Ba2ZnTe3,2.0,"['Ba', 'Te', 'Zn']"
mp-757031,Mg2TiO4,3.55,"['Mg', 'O', 'Ti']"
mp-1340,Ga2Se3,2.29,"['Ga', 'Se']"
mp-1105822,PrCrO3,3.2,"['Cr', 'O', 'Pr']"
mp-4394,Pr2Sn2O7,4.19,"['O', 'Pr', 'Sn']"
mp-1225993,Cu2S,1.21,"['Cu', 'S']"
mp-3742,SrFe12O19,1.86,"['Fe', 'O', 'Sr']"
mp-1203387,Ba2GaSbSe5,2.51,"['Ba', 'Ga', 'Sb', 'Se']"
mp-28549,Li8SiO6,4.745,"['Li', 'O', 'Si']"
mp-7611,Li2CaGeO4,2.4,"['Ca', 'Ge', 'Li', 'O']"
mp-776470,Hf3N4,0.815,"['Hf', 'N']"
mp-27653,LiAlH4,4.67,"['Al', 'H', 'Li']"
mp-644203,CsCaH3,3.17,"['Ca', 'Cs', 'H']"
mp-726,SeO2,4.77,"['O', 'Se']"
mp-1192595,Ba2SnSe4,1.735,"['Ba', 'Se', 'Sn']"
mp-1194282,K2Ti4O9,3.4,"['K', 'O', 'Ti']"
mp-556541,InSb2S4Cl,1.8,"['Cl', 'In', 'S', 'Sb']"
mp-2136,Sb2O3,3.31,"['O', 'Sb']"
mp-1196139,Mg3Sb2,0.6499999999999999,"['Mg', 'Sb']"
mp-1190364,Li2SnS3,2.14,"['Li', 'S', 'Sn']"
mp-29044,Cd4Sb2I3,1.81,"['Cd', 'I', 'Sb']"
mp-22633,Pb3O4,2.1100000000000003,"['O', 'Pb']"
mp-558323,SrBi2B2O7,2.57,"['B', 'Bi', 'O', 'Sr']"
mp-7212,CsSmHgSe3,2.374,"['Cs', 'Hg', 'Se', 'Sm']"
mp-510607,SrCrO4,2.4450000000000003,"['Cr', 'O', 'Sr']"
mp-1207082,LiMgSb,1.875,"['Li', 'Mg', 'Sb']"
mp-1182128,CeVO4,1.8,"['Ce', 'O', 'V']"
mp-1960,Li2O,3.24,"['Li', 'O']"
mp-672289,Ge3N4,2.595,"['Ge', 'N']"
mp-1195592,Ba3GaAs3,0.78,"['As', 'Ba', 'Ga']"
mp-1199284,Gd4GaSbS9,2.41,"['Ga', 'Gd', 'S', 'Sb']"
mp-29746,Cd4P2Cl3,2.21,"['Cd', 'Cl', 'P']"
mp-149,Si,1.12,['Si']
mp-27629,Cs3Sb2Cl9,2.07,"['Cl', 'Cs', 'Sb']"
mp-23405,Cs2TeBr6,2.12,"['Br', 'Cs', 'Te']"
mp-556627,K4GeS4,0.8,"['Ge', 'K', 'S']"
mp-552488,LaCuSeO,2.148,"['Cu', 'La', 'O', 'Se']"
mp-17464,SrGeO3,3.185,"['Ge', 'O', 'Sr']"
mp-22691,InSe,1.39,"['In', 'Se']"
mp-20289,NaInS2,2.585,"['In', 'Na', 'S']"
mp-1191234,BaAl4Se7,3.4,"['Al', 'Ba', 'Se']"
mp-1201494,Rb2Th7Se15,1.83,"['Rb', 'Se', 'Th']"
mp-27544,Cs3Bi2Br9,2.67,"['Bi', 'Br', 'Cs']"
mp-27688,K2TeI6,1.38,"['I', 'K', 'Te']"
mp-557441,KAu(IO3)4,2.52,"['Au', 'I', 'K', 'O']"
mp-1195253,KIn(TeO3)2,4.0,"['In', 'K', 'O', 'Te']"
mp-23218,AsI3,2.415,"['As', 'I']"
mp-18899,Nd2MnNiO6,1.02,"['Mn', 'Nd', 'Ni', 'O']"
mp-812,Ho2O3,2.84,"['Ho', 'O']"
mp-995234,HCO,3.26,"['C', 'H', 'O']"
mp-17905,Cs2Hg6S7,1.63,"['Cs', 'Hg', 'S']"
mp-19142,Mn2V2O7,1.8,"['Mn', 'O', 'V']"
mp-1220879,NaSbSe2,1.48,"['Na', 'Sb', 'Se']"
mp-3887,Li3GaN2,4.275,"['Ga', 'Li', 'N']"
mp-3785,TlGaTe2,0.95,"['Ga', 'Te', 'Tl']"
mp-2490654,MnV2O6,1.93,"['Mn', 'O', 'V']"
mp-23713,CaH2,3.0,"['Ca', 'H']"
mp-9252,HgS,0.7,"['Hg', 'S']"
mp-691,SnSe,0.94,"['Se', 'Sn']"
mp-19318,Ag2MoO4,3.26,"['Ag', 'Mo', 'O']"
mp-1198404,Pd(IO3)2,1.31,"['I', 'O', 'Pd']"
mp-1225854,CsTaWO6,3.525,"['Cs', 'O', 'Ta', 'W']"
mp-5175,NaInO2,3.9,"['In', 'Na', 'O']"
mp-2074,Li3Sb,1.0,"['Li', 'Sb']"
mp-1195033,Ba3Nb2Se9,1.3,"['Ba', 'Nb', 'Se']"
mp-505212,Cs3AuO,2.35,"['Au', 'Cs', 'O']"
mp-31488,Li3NbO4,4.0,"['Li', 'Nb', 'O']"
mp-1672,CaS,4.465,"['Ca', 'S']"
mp-19921,PbO,2.75,"['O', 'Pb']"
mp-504466,Ag2WO4,2.925,"['Ag', 'O', 'W']"
mp-555587,K2SmP2S7,2.59,"['K', 'P', 'S', 'Sm']"
mp-1225654,CuCl,3.306,"['Cl', 'Cu']"
mp-607291,Cu3BiS3,1.42,"['Bi', 'Cu', 'S']"
mp-1221125,NaBiS2,1.21,"['Bi', 'Na', 'S']"
mp-568949,TlBr,2.68,"['Br', 'Tl']"
mp-1024073,K2Sn3O7,3.325,"['K', 'O', 'Sn']"
mp-568263,GaSe,2.0,"['Ga', 'Se']"
mp-849770,CoPO4,1.1,"['Co', 'O', 'P']"
mp-27828,Cs2TiCl6,2.54,"['Cl', 'Cs', 'Ti']"
mp-1346,B6O,2.0,"['B', 'O']"
mp-1190216,HCNO,3.68,"['C', 'H', 'N', 'O']"
mp-2352,Na2O,1.53,"['Na', 'O']"
mp-18968,Li2FeSiO4,3.15,"['Fe', 'Li', 'O', 'Si']"
mp-1202157,TlHg6Se4Br5,2.8,"['Br', 'Hg', 'Se', 'Tl']"
mp-1990,Mg3As2,1.865,"['As', 'Mg']"
mp-1237135,Y6MoO12,3.05,"['Mo', 'O', 'Y']"
mp-557543,K3LuSi2O7,5.0,"['K', 'Lu', 'O', 'Si']"
mp-567504,CrCl3,1.09,"['Cl', 'Cr']"
mp-1195026,Rb2Mg2(WO4)3,4.17,"['Mg', 'O', 'Rb', 'W']"
mp-1196063,Ga2Se2O7,4.61,"['Ga', 'O', 'Se']"
mp-2247,AgN3,3.67,"['Ag', 'N']"
mp-1227335,Bi2Te2S,0.92,"['Bi', 'S', 'Te']"
mp-23317,AsBr3,2.6,"['As', 'Br']"
mp-1195633,Cs2MgSn3Se8,1.92,"['Cs', 'Mg', 'Se', 'Sn']"
mp-680761,Cd3(PO4)2,4.95,"['Cd', 'O', 'P']"
mp-560692,K4Nb6O17,3.2,"['K', 'Nb', 'O']"
mp-4547,La2TeO2,2.5,"['La', 'O', 'Te']"
mp-23018,BiSbO4,2.85,"['Bi', 'O', 'Sb']"
mp-643,ThO2,3.94,"['O', 'Th']"
mp-560459,Rb3Al2(PO4)3,4.855,"['Al', 'O', 'P', 'Rb']"
mp-1095420,ZnMoO4,3.62,"['Mo', 'O', 'Zn']"
mp-27716,KTlO,1.46,"['K', 'O', 'Tl']"
mp-1213805,CrI3,1.05,"['Cr', 'I']"
mp-18101,K2Cd3S4,2.75,"['Cd', 'K', 'S']"
mp-4092,SrSeO4,4.75,"['O', 'Se', 'Sr']"
mp-608555,Cs2SnCl6,2.14,"['Cl', 'Cs', 'Sn']"
mp-985592,Li6PS5Cl,3.1,"['Cl', 'Li', 'P', 'S']"
mp-1191101,KMgBO3,3.742,"['B', 'K', 'Mg', 'O']"
mp-1112501,Cs2TlBiI6,1.37,"['Bi', 'Cs', 'I', 'Tl']"
mp-17101,CaNb2O6,3.94,"['Ca', 'Nb', 'O']"
mp-1199451,B2S3,3.75,"['B', 'S']"
mp-1201691,MnTe6O13,3.2,"['Mn', 'O', 'Te']"
mp-9548,GeAs,1.615,"['As', 'Ge']"
mp-1078724,LiAsSe2,1.105,"['As', 'Li', 'Se']"
mp-9124,LiZnAs,1.61,"['As', 'Li', 'Zn']"
mp-545820,SnO,2.55,"['O', 'Sn']"
mp-3307,BaSO4,3.2725,"['Ba', 'O', 'S']"
mp-1714,FeSi2,0.88,"['Fe', 'Si']"
mp-7575,LiZnN,1.945,"['Li', 'N', 'Zn']"
mp-2718,C2N,1.82,"['C', 'N']"
mp-1199065,Sm4GaSbS9,2.23,"['Ga', 'S', 'Sb', 'Sm']"
mp-1196607,NaIn(IO3)4,3.7,"['I', 'In', 'Na', 'O']"
mp-571637,K2Cd2Te3,1.93,"['Cd', 'K', 'Te']"
mp-441,Rb2Te,4.5,"['Rb', 'Te']"
mp-2310,CdO2,3.6,"['Cd', 'O']"
mp-15559,KSb5S8,1.745,"['K', 'S', 'Sb']"
mp-1224229,K10Zn4Sn4S17,3.1500000000000004,"['K', 'S', 'Sn', 'Zn']"
mp-759307,TiNb2O7,2.91,"['Nb', 'O', 'Ti']"
mp-1204377,TlHg6S4Br5,3.03,"['Br', 'Hg', 'S', 'Tl']"
mp-22408,CoO,2.45,"['Co', 'O']"
mp-758022,LiCoPO4,3.4,"['Co', 'Li', 'O', 'P']"
mp-4591,SrNb2O6,3.94,"['Nb', 'O', 'Sr']"
mp-780654,V2O3,0.7,"['O', 'V']"
mp-1227970,BaGa2GeSe6,2.81,"['Ba', 'Ga', 'Ge', 'Se']"
mp-755225,Li8ZrO6,4.74,"['Li', 'O', 'Zr']"
mp-1190579,Cs2Cu2Sb2S5,1.6,"['Cs', 'Cu', 'S', 'Sb']"
mp-19795,InS,1.995,"['In', 'S']"
mp-1194706,RbY(TeO3)2,3.6,"['O', 'Rb', 'Te', 'Y']"
mp-20782,LiInTe2,1.23,"['In', 'Li', 'Te']"
mp-3789,Zn2SiO4,4.955,"['O', 'Si', 'Zn']"
mp-1214816,Al4SiC4,1.05,"['Al', 'C', 'Si']"
mp-1191903,Li2In2SiS6,3.61,"['In', 'Li', 'S', 'Si']"
mp-1095289,LiCaAs,1.57,"['As', 'Ca', 'Li']"
mp-4175,ZnSnP2,1.3199999999999998,"['P', 'Sn', 'Zn']"
mp-1209628,RbGaSnSe4,1.88,"['Ga', 'Rb', 'Se', 'Sn']"
mp-7155,CsErZnSe3,2.595,"['Cs', 'Er', 'Se', 'Zn']"
mp-623854,NaNb3O8,2.535,"['Na', 'Nb', 'O']"
mp-560717,Ag2CO3,2.3,"['Ag', 'C', 'O']"
mp-23291,PbCl2,3.91,"['Cl', 'Pb']"
mp-6126,LiCdBO3,4.28,"['B', 'Cd', 'Li', 'O']"
mp-754654,NiSnO3,3.75,"['Ni', 'O', 'Sn']"
mp-15201,Pr2Ti2O7,2.7,"['O', 'Pr', 'Ti']"
mp-29530,H2WO4,2.63,"['H', 'O', 'W']"
mp-28230,TlSbS2,1.68,"['S', 'Sb', 'Tl']"
mp-28015,H2O2,1.75,"['H', 'O']"
mp-29502,Al2Te3,2.5,"['Al', 'Te']"
mp-3466,PrAlO3,3.8,"['Al', 'O', 'Pr']"
mp-6089,BaZn2(PO4)2,4.385,"['Ba', 'O', 'P', 'Zn']"
mp-557089,Rb2Zn3(P2O7)2,4.39,"['O', 'P', 'Rb', 'Zn']"
mp-18875,MgWO4,3.39,"['Mg', 'O', 'W']"
mp-10044,BAs,1.39,"['As', 'B']"
mp-13019,NaLa2TaO6,4.5,"['La', 'Na', 'O', 'Ta']"
mp-1004532,CCl4,3.78,"['C', 'Cl']"
mp-1217269,TeSe2,2.392,"['Se', 'Te']"
mp-36111,LiMgP,2.43,"['Li', 'Mg', 'P']"
mp-23949,RbCaH3,3.32,"['Ca', 'H', 'Rb']"
mp-19080,Na2Mn3O7,1.24,"['Mn', 'Na', 'O']"
mp-1196183,Sm4InSbS9,2.13,"['In', 'S', 'Sb', 'Sm']"
mp-1018040,MgSe,4.1,"['Mg', 'Se']"
mp-23074,BiOF,3.93,"['Bi', 'F', 'O']"
mp-2798,SiP,1.02,"['P', 'Si']"
mp-3614,KTaO3,3.65,"['K', 'O', 'Ta']"
mp-567318,TlSbSe2,0.82,"['Sb', 'Se', 'Tl']"
mp-19039,CdMoO4,3.2,"['Cd', 'Mo', 'O']"
mp-4056,CaSc2O4,4.45,"['Ca', 'O', 'Sc']"
mp-1113264,Cs2AgBiI6,1.75,"['Ag', 'Bi', 'Cs', 'I']"
mp-556407,Ba3Bi2TeO9,2.3,"['Ba', 'Bi', 'O', 'Te']"
mp-1191111,SrTi(PO4)2,3.44,"['O', 'P', 'Sr', 'Ti']"
mp-505138,K2PdSe10,1.48,"['K', 'Pd', 'Se']"
mp-760188,Nb3O7F,3.1100000000000003,"['F', 'Nb', 'O']"
mp-22849,BiI3,1.8,"['Bi', 'I']"
mp-1190141,Na2TeS3,2.03,"['Na', 'S', 'Te']"
mp-1411545,NiS2,0.5449999999999999,"['Ni', 'S']"
mp-1188804,DyMnO3,3.73,"['Dy', 'Mn', 'O']"
mp-3175,BaTi4O9,3.55,"['Ba', 'O', 'Ti']"
mp-6457,La2MgTiO6,4.66,"['La', 'Mg', 'O', 'Ti']"
mp-551806,CoTeMoO6,2.125,"['Co', 'Mo', 'O', 'Te']"
mp-13334,ZnSnO3,3.05,"['O', 'Sn', 'Zn']"
mp-504651,CsVO3,2.14,"['Cs', 'O', 'V']"
mp-4524,ZnGeP2,2.06,"['Ge', 'P', 'Zn']"
mp-1190698,KBaSbSe3,2.04,"['Ba', 'K', 'Sb', 'Se']"
mp-16179,SrCu2GeSe4,1.795,"['Cu', 'Ge', 'Se', 'Sr']"
mp-1238815,B4C,1.795,"['B', 'C']"
mp-10293,BaC2,2.2,"['Ba', 'C']"
mp-1569,Be2C,2.0,"['Be', 'C']"
mp-66,C,3.15,['C']
mp-1002164,GeC,2.09,"['C', 'Ge']"
mp-1009820,SnC,2.1,"['C', 'Sn']"
mp-1207473,ZnC2,3.8,"['C', 'Zn']"
